timestamp,language,program_title,origin_url,code_sha256,folder
2025-10-22T08:37:02Z,Kotlin,Kotlin Hello World,https://kotlinlang.org/docs/tutorials/hello-world.html,a51396a728e72506a346a1d95e822389ef0dac40719786c559ab192f8c771e77,/Users/mathieuacher/SANDBOX/PL-ultimate-llm/languages/Kotlin
2025-10-22T08:37:24Z,Rust,Rustlings,https://github.com/rust-lang/rustlings,63a72c8a44294181bd9826e0b8267b76bc1996224f21afd299a2ec049fd1fb02,/Users/mathieuacher/SANDBOX/PL-ultimate-llm/languages/Rust
2025-10-22T08:54:15Z,Nim,Simple HTTP Server,https://github.com/dom96/jester/blob/master/examples/hello/hello.nim,3c3dcf057b50f4ee0dbdc8ed360da5a103921824a46500d97f234285c083368d,/Users/mathieuacher/SANDBOX/PL-ultimate-llm/languages/Nim
2025-10-22T08:55:51Z,Haskell,99 Haskell Problems,https://wiki.haskell.org/99_Haskell_Problems,36fd776aa822fbbb18489d38a5cb844fd8a51dcd4ca6e31bf0b733150d7b8a65,/Users/mathieuacher/SANDBOX/PL-ultimate-llm/languages/Haskell
2025-10-22T08:57:33Z,Crystal,HTTP Server Example,https://crystal-lang.org/reference/1.9/getting_started/http_server.html,dbc1be12acd60661f40fc217b04e4cb6304b5febf741b4aed70b41f42ab6fb94,/Users/mathieuacher/SANDBOX/PL-ultimate-llm/languages/Crystal
2025-10-22T08:59:33Z,Elixir,Simple HTTP Server,https://gist.github.com/chrismccord/2ab40f8d7f9ebec71d7b,6053073cb2e7280e4b6f344060c929ce2ec8e7aa5ae92c8759c565d6dd596c76,/Users/mathieuacher/SANDBOX/PL-ultimate-llm/languages/Elixir
2025-10-22T09:26:06Z,Julia,Mandelbrot Set,https://rosettacode.org/wiki/Mandelbrot_set#Julia,af7bd007f0d17c42adb4687e96bb1e2170ed21842540fea3231d19eaaec791ae,/Users/mathieuacher/SANDBOX/PL-ultimate-llm/languages/Julia
2025-10-22T09:33:00Z,Elm,Simple Counter in Elm,https://guide.elm-lang.org/architecture/buttons.html,2c22939c364ef19fa9ea6d354050a75fd9d21c9b7a8f2e0e46a7026537fca6ac,/Users/mathieuacher/SANDBOX/PL-ultimate-llm/languages/Elm
2025-10-22T09:33:06Z,Scala,Scala Hello World,https://docs.scala-lang.org/tour/hello-scala.html,29aa0e3871755592ca5d386586e9b98867a954d99ef4c3e26fba6b33633fef14,/Users/mathieuacher/SANDBOX/PL-ultimate-llm/languages/Scala
2025-10-22T09:33:12Z,Go,Hello World,https://golang.org/doc/code.html,0c1ca5b52940a8bdf2427bfa972d0e0b757dcc2648f70f57fa5c4e44f7e15693,/Users/mathieuacher/SANDBOX/PL-ultimate-llm/languages/Go
2025-10-22T09:33:45Z,Swift,Swift Markdown Parser,https://github.com/keitaoouchi/Markdown.swift,706c0ca15a3a159ee122c2b237cc5cfd473673bd952946a85e7588c6f6d1a0d9,/Users/mathieuacher/SANDBOX/PL-ultimate-llm/languages/Swift
2025-10-22T09:34:19Z,Racket,Simple Snake Game,https://github.com/soegaard/games/blob/master/snake/snake.rkt,830d9579e559d339b14424b73a0b5680ccdc2f038f52ab7f5d3360c26c559ed2,/Users/mathieuacher/SANDBOX/PL-ultimate-llm/languages/Racket
2025-10-22T09:34:31Z,Zig,Simple HTTP Server,https://gist.github.com/andrewrk/ffdd13c1d8c1156873b63e81b7b0bd2d,c166b0efe25a9ca03ecaee5831d4f40edcefdfd13bf15e8e4f3ec63f2d76bdfe,/Users/mathieuacher/SANDBOX/PL-ultimate-llm/languages/Zig
2025-10-22T09:34:41Z,OCaml,Simple OCaml Calculator,https://github.com/ocaml/ocaml/blob/trunk/testsuite/tests/basic/calculator.ml,61cb4dc410f19ddbad479914efcf5aa7690622c9fec10645c03475d21bfae345,/Users/mathieuacher/SANDBOX/PL-ultimate-llm/languages/OCaml
2025-10-22T09:34:48Z,TypeScript,To-Do List App,https://github.com/microsoft/TypeScript-Node-Starter,6fcb85267be897ebc312fa8b9b2859ba0c2db2dc22937c7ba24d9a23c9a0ddc4,/Users/mathieuacher/SANDBOX/PL-ultimate-llm/languages/TypeScript
2025-10-22T09:34:58Z,Dart,Flutter Counter App,https://flutter.dev/docs/get-started/codelab,7d05c7e771dd614b86d04b0600750aed60942f7f217473bc9d59d2eb13f49602,/Users/mathieuacher/SANDBOX/PL-ultimate-llm/languages/Dart
2025-10-22T09:35:14Z,F#,Conway's Game of Life in F#,https://gist.github.com/danieljsummers/c14e8f5f043c779d8e9eb82f61db2cb2,4270282ff4305a18a68c842ddcd765ede9c4520bb491b9c74a38894ebb75cd0b,/Users/mathieuacher/SANDBOX/PL-ultimate-llm/languages/F#
2025-10-22T09:35:36Z,Lua,Love2D Game Template,https://github.com/love2d-community/love-template,6b8855d106de765d620776d2101b35c77eb858224f171c64868686c971f617bf,/Users/mathieuacher/SANDBOX/PL-ultimate-llm/languages/Lua
2025-10-22T09:35:47Z,Pascal,Pascal's Triangle,https://rosettacode.org/wiki/Pascal%27s_Triangle#Pascal,3c513969af539652b0d4a776b5b21deedf78e53fe537eb7c4d29dd14f99d85fb,/Users/mathieuacher/SANDBOX/PL-ultimate-llm/languages/Pascal
2025-10-22T09:35:55Z,Erlang,Simple TCP Echo Server,https://github.com/tonyg/erlang-tcp-echo-server/blob/master/echo_server.erl,c20abb1eaf273a26bceb750ebd6ecd5a96cb2865bbdf8a5326f7217ef2a6ec93,/Users/mathieuacher/SANDBOX/PL-ultimate-llm/languages/Erlang
2025-10-22T09:36:09Z,Fortran,Heat Equation Solver,https://rosettacode.org/wiki/Solve_a_sudoku#Fortran,0447c10ed22d241ebfb16dc2aed48381ed497149c04f36eadbc57d455df29fd5,/Users/mathieuacher/SANDBOX/PL-ultimate-llm/languages/Fortran
2025-10-22T09:36:17Z,Clojure,Simple Todo App,https://github.com/juxt/todo-app,7dd1b3413c7917fb6df954e80a777c7380662a817a00c348926d144bc3e04742,/Users/mathieuacher/SANDBOX/PL-ultimate-llm/languages/Clojure
2025-10-22T09:36:25Z,Perl,Acme::MetaSyntactic,https://metacpan.org/pod/Acme::MetaSyntactic,1695ac09790ad55d42bc295c14579e65e0cb87833e1bd8e1a262baec54ca3f22,/Users/mathieuacher/SANDBOX/PL-ultimate-llm/languages/Perl
2025-10-22T09:36:43Z,COBOL,COBOL Hello World,https://www.tutorialspoint.com/cobol/cobol_quick_guide.htm,ea67bdfc637e09e86223557f3b39539fc969385e8a031a04493a6c84aaa6195c,/Users/mathieuacher/SANDBOX/PL-ultimate-llm/languages/COBOL
2025-10-22T09:36:49Z,Smalltalk,Simple Smalltalk Example,https://www.squeak.org/documentation/smalltalk/,8d0f631d3c72e4967b6f1aa71bd036fd6b9cc858c7d8252d13b703902dfa0d47,/Users/mathieuacher/SANDBOX/PL-ultimate-llm/languages/Smalltalk
2025-10-22T09:36:56Z,Ada,Hello World in Ada,https://rosettacode.org/wiki/Hello_world/Text#Ada,6d12a8adb9a770d96a01ec158b16c69d2988b82f37dabc71aef07fd6e6772b16,/Users/mathieuacher/SANDBOX/PL-ultimate-llm/languages/Ada
2025-10-22T09:37:05Z,Io,Simple HTTP Server in Io,https://gist.github.com/jezen/7972975,d640c7f953cf25a83133cc3a48d8c103171011b95bdb1b980fe619c17501d22a,/Users/mathieuacher/SANDBOX/PL-ultimate-llm/languages/Io
2025-10-22T09:38:52Z,Scheme,Simple Scheme Interpreter,https://github.com/kanaka/mal,ea679639bc2a56ee074f180320803056f4ac6ca8de64044be674e4a47806b48d,/Users/mathieuacher/SANDBOX/PL-ultimate-llm/languages/Scheme
2025-10-22T09:38:57Z,Ruby,Hello World in Ruby,https://www.ruby-lang.org/en/documentation/quickstart/,700a62b550847a9863ee07fc2dfcb5cb0fd6c20f5ba72df45b790ac516a95e03,/Users/mathieuacher/SANDBOX/PL-ultimate-llm/languages/Ruby
2025-10-22T09:39:04Z,Ceylon,Hello World,https://github.com/ceylon/ceylon-sdk/blob/master/modules/hello/src/hello/Hello.ceylon,76e5a6cd20af6ff8256f29967b18f4e00668806be8d50c6b67cfcd657973498d,/Users/mathieuacher/SANDBOX/PL-ultimate-llm/languages/Ceylon
2025-10-22T09:39:29Z,PHP,PHPMailer,https://github.com/PHPMailer/PHPMailer,eadc143c0ab6f0dceecfe8081e30cd91ab12fd9c4f543c9010f93b95cdd3530c,/Users/mathieuacher/SANDBOX/PL-ultimate-llm/languages/PHP
2025-10-22T09:39:39Z,Groovy,Simple HTTP Server in Groovy,https://gist.github.com/jeffbrown/1004988,4ec4a6fa916b4944e32281d7f307eeb42c08f4ae9e9bdf2544cb3d57ee483d43,/Users/mathieuacher/SANDBOX/PL-ultimate-llm/languages/Groovy
2025-10-22T09:39:56Z,Tcl,Simple Calculator,https://wiki.tcl-lang.org/page/Simple+Calculator,bae4f443416ae58b5126ba95a1f16cab86a55d6f5981b90b2d50eb3dbab6ba06,/Users/mathieuacher/SANDBOX/PL-ultimate-llm/languages/Tcl
2025-10-22T09:40:03Z,Assembly,Hello World in Assembly,https://www.tutorialspoint.com/assembly_programming/assembly_hello_world.htm,e50d9e7e7fa59a209d51aab59096dec5a30b16e1fd63b04b285a8066d90d5c51,/Users/mathieuacher/SANDBOX/PL-ultimate-llm/languages/Assembly
2025-10-22T09:40:09Z,Prolog,Family Tree Example,https://www.learnprolognow.org/lpnpage.php?pagetype=html&pageid=lpn-html-2,866c9828be8984b143d0a5819c288bba45dc0792555a2a3bd1d5125fef557cd8,/Users/mathieuacher/SANDBOX/PL-ultimate-llm/languages/Prolog
2025-10-22T09:40:35Z,MATLAB,Sudoku Solver,https://www.mathworks.com/matlabcentral/fileexchange/21093-sudoku-solver,d9be507c2a7d9af4e4afc7606503931c48b041bbc7f6653bf0b5e8608c23eef9,/Users/mathieuacher/SANDBOX/PL-ultimate-llm/languages/MATLAB
2025-10-22T09:41:09Z,Raku,Wordle Solver,https://github.com/Raku/examples/blob/master/categories/games/wordle.raku,092c2ae66a36b85d1be15f8c86ada08f5693902c383f801e783fe4e59e47c17a,/Users/mathieuacher/SANDBOX/PL-ultimate-llm/languages/Raku
2025-10-22T09:41:18Z,Vala,Hello World GTK Application,https://wiki.gnome.org/Projects/Vala/GTKSample,6ecc27088a0fea061100e1cfbaef12cbf2362a102b4b010e38e37f9f2512307d,/Users/mathieuacher/SANDBOX/PL-ultimate-llm/languages/Vala
2025-10-22T09:41:25Z,Objective-C,Simple Objective-C Program,https://github.com/Example/Objective-C-Simple-Program,aa8feb1cf452dff3f8b7309309bea9a748eb5bfa4827f5f6efaaba8cc2dca554,/Users/mathieuacher/SANDBOX/PL-ultimate-llm/languages/Objective-C
2025-10-22T09:41:46Z,Solidity,Simple Storage,https://docs.soliditylang.org/en/v0.8.0/solidity-by-example.html#simple-storage,7f95e8a405e1f5f3fbf588d5cdcdc43247571d2ea7f7595bedbc337677a30c75,/Users/mathieuacher/SANDBOX/PL-ultimate-llm/languages/Solidity
2025-10-22T09:42:07Z,Haxe,Simple Snake Game,https://github.com/HaxeFlixel/flixel-demos/blob/master/Arcade/FlxSnake/source/PlayState.hx,4412a76165ae1d81c787e70190d982944aa0170396090ae61989ead5ff64b9c7,/Users/mathieuacher/SANDBOX/PL-ultimate-llm/languages/Haxe
2025-10-22T09:44:21Z,Pike,Pike Hello World,https://rosettacode.org/wiki/Hello_world/Text#Pike,3308a98e82dba35b371be6622347859f9c0c91086a0f320dd1e36d2cf14bc3df,/Users/mathieuacher/SANDBOX/PL-ultimate-llm/languages/Pike
2025-10-22T09:44:40Z,Wolfram Language,Mandelbrot Set Visualization,https://demonstrations.wolfram.com/MandelBrotSet/,f9e04715da67a794c9c25812cc7be96aa735c19fbec1250afd497dd60fd3e580,/Users/mathieuacher/SANDBOX/PL-ultimate-llm/languages/Wolfram Language
2025-10-22T09:44:50Z,Ballerina,HTTP Client Example,https://github.com/ballerina-platform/ballerina-distribution/blob/master/examples/http-client-send-request-receive-response/http_client_send_request_receive_response.bal,aae839b8a36de8307d8b24dbc68a5392bcc32f89249e97b25056aec9ea3cafdb,/Users/mathieuacher/SANDBOX/PL-ultimate-llm/languages/Ballerina
2025-10-22T09:45:08Z,Pony,Hello World in Pony,https://github.com/ponylang/ponyc/blob/main/examples/helloworld/main.pony,a19716384209e78856ef409cf2a67657b0a75c6ec5808b331a57c2ba02e13236,/Users/mathieuacher/SANDBOX/PL-ultimate-llm/languages/Pony
2025-10-22T09:45:31Z,Nix,Nix Flake for Helix Editor,https://github.com/helix-editor/helix/blob/master/flake.nix,c1b29d3308dbc810d8e35b45502554dcb7e3c0e920a2abd0c3bf7435e0a68670,/Users/mathieuacher/SANDBOX/PL-ultimate-llm/languages/Nix
2025-10-22T09:45:48Z,Python,Guessing Game,https://docs.python.org/3/tutorial/stdlib.html#guessing-game-example,ba0406b1a56d237a1ba54d70883f81d72147b4d5da1f4d0368bf22d08499824f,/Users/mathieuacher/SANDBOX/PL-ultimate-llm/languages/Python
2025-10-22T09:52:34Z,Idris,Idris REPL,https://github.com/idris-lang/Idris2,97f40f6b3dd2f7392ecd0e49eb32c5fba3cb4039b26cef4b4b26187c65e133be,/Users/mathieuacher/SANDBOX/PL-ultimate-llm/languages/Idris
2025-10-22T09:52:42Z,JavaScript, Conway's Game of Life,https://github.com/mdn/js-examples/tree/master/game-of-life,b759575aeacbf8e929320a485f4816caebf11b11b9e2bf5b5d7709371d0e4499,/Users/mathieuacher/SANDBOX/PL-ultimate-llm/languages/JavaScript
2025-10-22T09:53:47Z,R,Linear Regression Example,https://cran.r-project.org/doc/manuals/r-release/R-intro.html,87ccdfb06dfe8819f577e13cdbc52be8536a5067d3f80eac99bebfd0c4d6ac98,/Users/mathieuacher/SANDBOX/PL-ultimate-llm/languages/R
2025-10-22T09:54:04Z,Forth,Conway's Game of Life in Forth,https://rosettacode.org/wiki/Conway%27s_Game_of_Life#Forth,5ffb7203e5c1cb118c711ffb975cede8c4ccf3b9ee52d367003e734e9b91d246,/Users/mathieuacher/SANDBOX/PL-ultimate-llm/languages/Forth
2025-10-22T09:54:13Z,Hack,Simple REST API endpoint in Hack,https://github.com/facebookarchive/hack-example-site/blob/master/src/controllers/BaseController.php,5768ca7c59085dbf298b90980dcd6350ff16e75fa1fa1d9987449ca0578d838f,/Users/mathieuacher/SANDBOX/PL-ultimate-llm/languages/Hack
2025-10-22T09:54:20Z,SQL,Simple SQL Query,https://www.w3schools.com/sql/sql_intro.asp,cd689ac1c4d4d305191b56c1347cc56908b3c5f862774fbb8b01c89baaa43504,/Users/mathieuacher/SANDBOX/PL-ultimate-llm/languages/SQL
2025-10-22T09:54:30Z,ClojureScript,TodoMVC in ClojureScript,https://github.com/Day8/re-frame-todomvc,44dfeed5fa582451554c653dbcb03d8aa35415819985fa7968a0c9e36bba8083,/Users/mathieuacher/SANDBOX/PL-ultimate-llm/languages/ClojureScript
2025-10-22T09:54:48Z,SwiftScript,Hello World,https://github.com/apple/swift-scripting/blob/main/Examples/HelloWorld.swiftscript,cf603e7740f7f7cbf211c7b240f8426c0bf602353290cdb3c9a52adbb0dfaec1,/Users/mathieuacher/SANDBOX/PL-ultimate-llm/languages/SwiftScript
2025-10-22T09:55:08Z,Awk,CSV Field Extractor,https://github.com/learnbyexample/Command-line-text-processing/blob/master/gnu_awk.md,0afb95ae4c401eeed40b47e7f41cd1a87e2841f5e80544f1e93ccea9b010bec0,/Users/mathieuacher/SANDBOX/PL-ultimate-llm/languages/Awk
2025-10-22T09:56:51Z,REBOL,Simple HTTP Server,https://github.com/Oldes/Rebol3/blob/master/scripts/http-server.r3,6af441ce7b169c199307f896cbd9b0c322d90c9435882d4275b15551718632d6,/Users/mathieuacher/SANDBOX/PL-ultimate-llm/languages/REBOL
2025-10-22T09:57:17Z,Janet,Conway's Game of Life in Janet,https://github.com/janet-lang/janet/blob/master/examples/life.janet,c87622bbe03b874f73a8adb7719602d73a193ec56c7655d797a43f3be2df43af,/Users/mathieuacher/SANDBOX/PL-ultimate-llm/languages/Janet
2025-10-22T09:57:39Z,Elvish,Elvish Hello World,https://elv.sh/docs/tutorials/hello-world.html,ce27e7f019da27b37e9fc109e1d729acfdccd0a18afc4660b7ada419777600bd,/Users/mathieuacher/SANDBOX/PL-ultimate-llm/languages/Elvish
2025-10-22T09:57:58Z,V,V's HTTP Server,https://github.com/vlang/v/blob/master/examples/http_server.v,e9a03c6d796381bc9ef6db9e31cbace24df0623b2ee45c68ea8abdb3f3ed65e8,/Users/mathieuacher/SANDBOX/PL-ultimate-llm/languages/V
2025-10-22T09:58:07Z,Powershell,Get-ChildItem,https://docs.microsoft.com/en-us/powershell/module/microsoft.powershell.management/get-childitem,19a24b824d404b106fd13be3bb05cdd10f07a2c4cce233682cbd5fa14d874f75,/Users/mathieuacher/SANDBOX/PL-ultimate-llm/languages/Powershell
2025-10-22T09:58:18Z,PureScript,Simple Counter Component,https://github.com/purescript/documentation/blob/master/guides/Getting-Started.md,a14902bf90e1fa1999df43110b321e733f4e23713ac65be90171ff3c5dde9ee7,/Users/mathieuacher/SANDBOX/PL-ultimate-llm/languages/PureScript
2025-10-22T09:58:34Z,Wren,Conway's Game of Life in Wren,https://github.com/wren-lang/wren/blob/main/example/life.wren,150a4b397404b77cd3111946b41f8955e5f679ef3dca2ca09751f8e7ed89b09f,/Users/mathieuacher/SANDBOX/PL-ultimate-llm/languages/Wren
2025-10-22T10:00:10Z,Squirrel,Simple Squirrel Example,https://squirrel-lang.org/examples.html,f82253e91c555a7d92a6b64e492b81f901e8256309ec156ddd99e5f365b82240,/Users/mathieuacher/SANDBOX/PL-ultimate-llm/languages/Squirrel
2025-10-22T10:00:19Z,Rexx,REXX script to calculate factorial,https://rosettacode.org/wiki/Factorial#REXX,3312d5e500b026ce8f64eb60e3d5f616fa1fd1e0499f845b9abdf1931c0b7de0,/Users/mathieuacher/SANDBOX/PL-ultimate-llm/languages/Rexx
2025-10-22T10:00:41Z,Sass,Basic Sass Example,https://sass-lang.com/guide,0ade7e1b4fbd7e1bacc933dc964ecefc6e68b56b21d3a279d2159b71b22930fa,/Users/mathieuacher/SANDBOX/PL-ultimate-llm/languages/Sass
2025-10-22T10:01:02Z,Apl,Game of Life in APL,https://github.com/ngn/apl/blob/master/life.apl,ea0b2474c58f44004a035a334893a811d6513610afacc76df16437e869c925d8,/Users/mathieuacher/SANDBOX/PL-ultimate-llm/languages/Apl
2025-10-22T10:01:17Z,Monkey,Simple Platformer Game,https://github.com/skn3/monkeygame/blob/master/simple_platformer.monkey,b6bfa99775e11ef2c245eb3112a52df2e623ca2abe41348ef3bae47e9ffbacf0,/Users/mathieuacher/SANDBOX/PL-ultimate-llm/languages/Monkey
2025-10-22T10:01:25Z,KornShell,KornShell Calculator,https://github.com/att/ast/blob/master/src/lib/libcmd/ksh93/examples/cal.ksh,659bc3d58c1dba4ed2c6de7f7e8a5c44d9f5baa49d23d3ed8df3f717ae404e94,/Users/mathieuacher/SANDBOX/PL-ultimate-llm/languages/KornShell
2025-10-22T10:01:43Z,Hy,Conway's Game of Life in Hy,https://github.com/hylang/hy/blob/master/examples/game-of-life/life.hy,69121b70db6cc56e6b5ac3990d919f1bfae48ea26522636e5f57b25b31118521,/Users/mathieuacher/SANDBOX/PL-ultimate-llm/languages/Hy
2025-10-22T10:03:29Z,Beef,Simple HTTP Server,https://github.com/beefytech/Beef/blob/main/IDE/src/Debug/HttpServer.bf,79446406e2274fe44bd8c0d90f34f4cea8115c54429ca1e7f2b3a3b54c175e5f,/Users/mathieuacher/SANDBOX/PL-ultimate-llm/languages/Beef
2025-10-22T10:05:57Z,Assembly Language,Hello World in Assembly,https://www.tutorialspoint.com/assembly_programming/assembly_hello_world.htm,8f52563f7c813c409ce51fe8dd9fba5b2b87de0bc65772f3f16714e203940d0d,/Users/mathieuacher/SANDBOX/PL-ultimate-llm/languages/Assembly Language
2025-10-22T10:06:48Z,Fantom,Fantom Tour,https://fantom.org/sidewalk/tour/,b5a740ed73f11fab153070a5c38afe1f2b7c3995afb1964d145b5bc77755bb32,/Users/mathieuacher/SANDBOX/PL-ultimate-llm/languages/Fantom
2025-10-22T10:07:50Z,Factor,Hello World,https://github.com/factor/factor/blob/master/benchmark/hello.factor,e0fbce04ece87ea82b71e7fe0c9461748ae8e83373647c8efb3da4834d9ab899,/Users/mathieuacher/SANDBOX/PL-ultimate-llm/languages/Factor
2025-10-22T10:08:02Z,Odin,Simple Snake Game,https://github.com/odin-lang/examples/blob/master/snake/snake.odin,c23bfc878042d9c494836bdc392c15b57ad8def18f66fc2e2a125e9e842b9e5e,/Users/mathieuacher/SANDBOX/PL-ultimate-llm/languages/Odin
2025-10-22T10:08:46Z,NCL,NCL Media Player,https://github.com/telemidia/ncl,b7987e7230c8d4ef56a72a20a569a70f456accad634dc29fe6f208988750adf8,/Users/mathieuacher/SANDBOX/PL-ultimate-llm/languages/NCL
2025-10-22T10:09:19Z,Red,Conway's Game of Life in Red,https://github.com/red/code/blob/master/Samples/games/life.red,c23b074e78ce2edafa419e1553e64e55e399b30abce8c1696241bf703d16a54e,/Users/mathieuacher/SANDBOX/PL-ultimate-llm/languages/Red
2025-10-22T10:09:26Z,D,Simple HTTP Server,https://github.com/vibe-d/vibe.d/blob/master/examples/http_server/source/app.d,66e86d71ea5f9f4a98690c3054977c69696f7ec993b55513d6e622e254705f0b,/Users/mathieuacher/SANDBOX/PL-ultimate-llm/languages/D
2025-10-22T10:09:35Z,Reason,Simple React Component in Reason,https://github.com/reasonml/reason-react/blob/master/examples/simple/src/Example.re,f78953190df863977a9e915698e9d7782a44415a2bc05d647053f2fa0f1fa6e0,/Users/mathieuacher/SANDBOX/PL-ultimate-llm/languages/Reason
2025-10-22T10:09:46Z,Nimble,Nimble Package Manager,https://github.com/nim-lang/nimble,fbed98fa3660b44a9360dc2bfc5f10bd45ee8304aee499ed7d3132d7b727a461,/Users/mathieuacher/SANDBOX/PL-ultimate-llm/languages/Nimble
2025-10-22T10:09:54Z,Scratch,Simple Pong Game,https://scratch.mit.edu/projects/10128067/editor/,424da026ef0a6f8035c88e67e48aab6e32ab69a83c89c8df0cc0ff06be93b002,/Users/mathieuacher/SANDBOX/PL-ultimate-llm/languages/Scratch
2025-10-22T10:10:03Z,Eiffel,Hello World in Eiffel,https://rosettacode.org/wiki/Hello_world/Text#Eiffel,18294c910dac1d469f486a696709190070697a09251892a7b4f867b05e1597ad,/Users/mathieuacher/SANDBOX/PL-ultimate-llm/languages/Eiffel
2025-10-22T10:11:34Z,Rascal,Rascal Tutorial,https://github.com/usethesource/rascal/blob/master/src/examples/Basic/Tutorial.rsc,e2d579d964b5eb451ae119ac74d44fe917c560bcf60baabfae9c0cd4205a65af,/Users/mathieuacher/SANDBOX/PL-ultimate-llm/languages/Rascal
2025-10-22T10:12:21Z,ABAP,Hello World in ABAP,https://github.com/Nikhilkohli1/Hello-World/blob/master/ABAP.abap,967a7206d6396615440e1e4de92b6f32bb06c1487e8c4fcae65b02d793486712,/Users/mathieuacher/SANDBOX/PL-ultimate-llm/languages/ABAP
2025-10-22T10:12:48Z,Fennel,Fennel Calculator,https://github.com/fennel-lang/fennel/blob/master/examples/calculator.fn,6e533668a2d192917cf73643fcf622689ba8ee2032e02bf2cb2d2b7041d0a68e,/Users/mathieuacher/SANDBOX/PL-ultimate-llm/languages/Fennel
2025-10-22T10:15:24Z,Arden Syntax,Warfarin Dosing MLM,https://github.com/HealthSamurai/mlm-lang/blob/master/examples/warfarin.mlm,7434d4bc918fac2067da43885e493966351dd8f8a366d7a51c0dcff820114233,/Users/mathieuacher/SANDBOX/PL-ultimate-llm/languages/Arden Syntax
2025-10-22T10:15:32Z,Jai,Basic Window Creation,https://github.com/Jai-Community/Jai-Community-Library/wiki/Getting-Started#basic-window-creation,fe1f342f75d6d4f3c2f9ba16fd5b92f4e7bc621fb55cfd9edb5075af4543f8ee,/Users/mathieuacher/SANDBOX/PL-ultimate-llm/languages/Jai
2025-10-22T10:15:42Z,Processing,Animated Spiral,https://openprocessing.org/sketch/1542287,a380ac5390d8647239df3be5aca28080c2a467714a25fe2ba1d2d9f15b5efba7,/Users/mathieuacher/SANDBOX/PL-ultimate-llm/languages/Processing
2025-10-22T10:15:47Z,NATURAL,Simple Natural Program,https://github.com/yourusername/simple-natural,4e65c309f8ba77c9b599d3e21c3245daddc3efa8a277cf2576a1db9f66320c93,/Users/mathieuacher/SANDBOX/PL-ultimate-llm/languages/NATURAL
2025-10-22T10:15:55Z,RPG,RPG Example Program,https://www.ibm.com/support/knowledgecenter/ssw_ibm_i_72/rzahg/rzahgrpgex.htm,06cfbc3487c551d02b33f34d084259e2c85862178c88183da276bc03650e991f,/Users/mathieuacher/SANDBOX/PL-ultimate-llm/languages/RPG
2025-10-22T10:16:08Z,Xtend,Simple HTTP Server in Xtend,https://github.com/eclipse/xtext-xtend/blob/master/org.eclipse.xtend.examples/projects/xtend-examples/src/example4/BasicWebServer.xtend,125fd5bf1e9291bf89d3febadd78484220f6c0a05c6a8e4993f92496cbe65864,/Users/mathieuacher/SANDBOX/PL-ultimate-llm/languages/Xtend
2025-10-22T10:16:15Z,Opa,Hello World Web Server,https://github.com/MLstate/opalang/blob/master/examples/hello/hello.opa,a0c0aabb613e529e071885d491e4e93db7bc8e5e027b127f98a03d4d573c0567,/Users/mathieuacher/SANDBOX/PL-ultimate-llm/languages/Opa
2025-10-22T10:17:19Z,Genie,Hello World GTK Application,https://github.com/thiblahute/genie-examples/blob/master/gtk/hello.gs,7d1d8cf7de0e337981ab1148056eaf014252f054843fd3dd51e81d2e6d67f7d9,/Users/mathieuacher/SANDBOX/PL-ultimate-llm/languages/Genie
2025-10-22T10:17:26Z,NAT,Simple NAT Example,https://github.com/yourusername/nat-examples/blob/main/simple_example.nat,f6f0e20ca7da70137609a8d47082cc49fe10f1cb4aae532256b66515fd4ba3e0,/Users/mathieuacher/SANDBOX/PL-ultimate-llm/languages/NAT
2025-10-22T10:18:33Z,Verilog,Simple 4-bit Counter,https://github.com/zyrrron/simple-circuit/blob/master/counter/counter.v,27f1055d202dc98b0282d42dabc774c892987c33a9baa8ada8f0073d26ff3f67,/Users/mathieuacher/SANDBOX/PL-ultimate-llm/languages/Verilog
2025-10-22T10:18:37Z,Rexygen,Rexygen HMI Example,https://www.rexygen.com/example-projects/,dbad37bee5e39e4b3b404d89c15521bee78e8d80a3b581efea4a6055a1deeb27,/Users/mathieuacher/SANDBOX/PL-ultimate-llm/languages/Rexygen
2025-10-22T10:19:46Z,Euphoria,Simple HTTP Server,https://openeuphoria.org/wiki/view/SimpleHTTPServer.wc,3d3924dec209ba08e68bb74d7eac69531ed0827321eb2cb4f26d0ce0a1a88d5c,/Users/mathieuacher/SANDBOX/PL-ultimate-llm/languages/Euphoria
2025-10-22T11:40:45Z,BASIC,Snake Game in QBasic,https://github.com/taniarascia/qbasic/blob/master/SNAKE.BAS,db7f36fa192d484c167a7861ff34de5913aec4c87ce9eb3fc815ffb2fa709486,/Users/mathieuacher/SANDBOX/PL-ultimate-llm/languages/BASIC
2025-10-22T11:41:28Z,Harbour,Harbour MiniGUI Example,https://github.com/vszakats/harbour-core/blob/master/examples/minigui.prg,3bb823699c1af07da2526271e8524a8f8e7fa98e50257a8f906bf1a31c842cb6,/Users/mathieuacher/SANDBOX/PL-ultimate-llm/languages/Harbour
2025-10-22T11:42:27Z,Wyvern,Hello World in Wyvern,https://github.com/wyvernlang/wyvern/blob/master/examples/introduction/helloWorld.wyv,dd0d7e1b4dc9cb1a29e158ceeeb70d95c884156ef381bd7f1e1bd1dc58b852ca,/Users/mathieuacher/SANDBOX/PL-ultimate-llm/languages/Wyvern
2025-10-22T11:44:41Z,Kotlinx,Kotlinx.html,https://github.com/Kotlin/kotlinx.html,88339264e824dacfee585afdc4c2efd6820094003e910ee8f9277665350e96b2,/Users/mathieuacher/SANDBOX/PL-ultimate-llm/languages/Kotlinx
2025-10-22T12:11:42Z,PureBasic,Simple Snake Game,https://github.com/GWRon/SimpleGames/blob/master/snake.pb,e7225f01ac52a9c7227b5a0db8a4c4c3cfe67fddc933f194806ffe03d5ec9934,/Users/mathieuacher/SANDBOX/PL-ultimate-llm/languages/PureBasic
2025-10-22T12:19:06Z,Flix,FizzBuzz in Flix,https://github.com/flix/flix/blob/master/examples/fizzbuzz.flix,2fe3efc188fb4ca57213ad04e6074237b8f4550b985c03e5631fb675f1b5ddb2,/Users/mathieuacher/SANDBOX/PL-ultimate-llm/languages/Flix
2025-10-22T12:19:18Z,NATJ,Simple NATJ Example,https://github.com/yourusername/natj-example,952818b62d02767951ad63e99f4ccfc71d3584c069247f1b3240add951989b6a,/Users/mathieuacher/SANDBOX/PL-ultimate-llm/languages/NATJ
2025-10-22T12:20:58Z,HCL,Terraform AWS Example,https://github.com/hashicorp/terraform/tree/main/examples/aws,46323f7147a3e7d69099633cd795aef31b3c2d883ef1d62a0f804bca667c2673,/Users/mathieuacher/SANDBOX/PL-ultimate-llm/languages/HCL
2025-10-22T12:36:40Z,Kotlin Native,Kotlin/Native Hello World,https://kotlinlang.org/docs/native-get-started.html,d2b94a96ed0ee85b5adee061719ffdd326cce9da809313d9ab69df8b5496521a,/Users/mathieuacher/SANDBOX/PL-ultimate-llm/languages/Kotlin Native
2025-10-22T12:38:05Z,Nemerle,Hello World in Nemerle,https://rosettacode.org/wiki/Hello_world/Text#Nemerle,4548d327b2c76c32af0459461ad81bf2f59f712da219093de49669d63a4db71c,/Users/mathieuacher/SANDBOX/PL-ultimate-llm/languages/Nemerle
2025-10-22T12:38:12Z,Ferite,Ferite Hello World,https://github.com/ferite-lang/ferite/blob/master/examples/hello.fer,3c6f7184c1af71585a8182d515952c8db53db3ff7dda9f9a2aca9070c988934b,/Users/mathieuacher/SANDBOX/PL-ultimate-llm/languages/Ferite
2025-10-22T12:38:28Z,Lobster,Conway's Game of Life in Lobster,https://github.com/aardappel/lobster/blob/master/samples/conway.lobster,5b02d89631cea005d7aca8ed23e11cf7263cd0900a87ed0a036b28ab2291dcb5,/Users/mathieuacher/SANDBOX/PL-ultimate-llm/languages/Lobster
2025-10-22T12:38:40Z,Emojicode,Hello World in Emojicode,https://www.emojicode.org/docs/guides/hello-world.html,c1e650f7ef7572beb31c74fd9fe4b56a705c2ba2f4118fece8f5d2cfc0ca8a87,/Users/mathieuacher/SANDBOX/PL-ultimate-llm/languages/Emojicode
2025-10-22T12:39:09Z,Mojo,Matrix Multiplication in Mojo,https://github.com/modularml/mojo/blob/main/examples/matmul.mojo,b0235d8fe13e9f92eacbce30d18709bb8f4ef90cf481651b59d139c33520ba36,/Users/mathieuacher/SANDBOX/PL-ultimate-llm/languages/Mojo
2025-10-22T12:41:19Z,LiveCode,Simple Calculator,https://github.com/LiveCodeWorld/lcw_Script/blob/master/controllers/Global_Calculator.livecodescript,03ddaf061c9c379707f2769385b793bd0035e9ab0eb39214582116b54e945b46,/Users/mathieuacher/SANDBOX/PL-ultimate-llm/languages/LiveCode
2025-10-22T13:05:23Z,Common Lisp,99 Bottles of Beer,https://rosettacode.org/wiki/99_bottles_of_beer#Common_Lisp,5d7c17b0e1f7ffce30c1c9604390c7bb8742e859711e108280f4cf9bd045326a,/Users/mathieuacher/SANDBOX/PL-ultimate-llm/languages/Common Lisp
2025-10-22T13:05:46Z,Fortress,Hello World,https://github.com/fortress-lang/fortress/wiki/Hello-World,e8a84176975bbe2594a511d6c66228f79a001329771355786a2821d366b26863,/Users/mathieuacher/SANDBOX/PL-ultimate-llm/languages/Fortress
2025-10-22T13:06:39Z,Hoon,Fibonacci sequence in Hoon,https://github.com/urbit/examples/blob/master/app/fib.hoon,150184fb3f7e24f81a55d78fc12a5bf09b03de804eedd2fc943c9342044384bd,/Users/mathieuacher/SANDBOX/PL-ultimate-llm/languages/Hoon
2025-10-22T13:06:49Z,VHDL,Simple 4-bit Counter,https://www.fpga4student.com/2017/08/vhdl-code-for-counter-example.html,2d569696f641733c43f1c84f3bc076a30c799b429ef1afc2e543f81c7e63891c,/Users/mathieuacher/SANDBOX/PL-ultimate-llm/languages/VHDL
2025-10-22T13:08:07Z,Pharo,Conway's Game of Life,https://github.com/bergel/LearnPharo/blob/master/LearnPharo.pier,a040f182f0b4e2ec9b286a63f449899211b30b861061a78dd26056bcc63cdb9c,/Users/mathieuacher/SANDBOX/PL-ultimate-llm/languages/Pharo
2025-10-22T13:19:22Z,Lean,Natural Number Addition Properties,https://github.com/leanprover/lean4/blob/master/tests/lean/run/nat_add.lean,0949a21e862d739d36eb627a656d008bda2aaf6a7dd5c1e6d0d84d6e0833d172,/Users/mathieuacher/SANDBOX/PL-ultimate-llm/languages/Lean
2025-10-22T13:19:59Z,Hare,Simple HTTP Server in Hare,https://git.sr.ht/~sircmpwn/hare-examples/tree/master/http-server/main.ha,6c920a338be7295ec023d4fa2c4091112d2e592f8465ebdcd9f3bb5d171848b4,/Users/mathieuacher/SANDBOX/PL-ultimate-llm/languages/Hare
2025-10-22T13:20:31Z,Turing,Turing Calculator,https://www.compsci.ca/holtsoft/turing/tut3.htm,173f09fac70022a17c2108ccc0551cb052be1d72e85a0a210573b9ad09d565e8,/Users/mathieuacher/SANDBOX/PL-ultimate-llm/languages/Turing
2025-10-22T13:22:45Z,Unison,Fibonacci sequence in Unison,https://github.com/unisonweb/unison/blob/trunk/docs/quickstart.md,093573289b864e3d665da944061ebf7739861cc00a9bdcc8d98b0a0399dc4dfd,/Users/mathieuacher/SANDBOX/PL-ultimate-llm/languages/Unison
2025-10-22T13:22:54Z,Humbug,Fibonacci sequence generator,https://github.com/PaulBrownMagic/Humbug/blob/master/examples/fibonacci.hug,10a81b6aacc116d1e92357fdbb6c3300abbd744af619606961c15a540b87a9cd,/Users/mathieuacher/SANDBOX/PL-ultimate-llm/languages/Humbug
2025-10-22T14:10:53Z,Mercury,Hello World in Mercury,https://github.com/Mercury-Language/mercury/blob/master/samples/hello.m,6eaacd39eed1ea728ecbf01ec1eae242768e542e0b0592395904bb1b4b13d07d,/Users/mathieuacher/SANDBOX/PL-ultimate-llm/languages/Mercury
2025-10-22T14:12:29Z,Cypher,Movie Recommendation Query,https://github.com/neo4j/neo4j/blob/5.12/community/cypher-spec-suite/src/test/resources/acceptance/expressions/Expressions.feature,489b8c4fa6be4b6f9ef78054c88774965f4ef839886bde46678312109d9b3709,/Users/mathieuacher/SANDBOX/PL-ultimate-llm/languages/Cypher
2025-10-22T14:18:40Z,Grain,Binary Tree Implementation,https://github.com/grain-lang/grain/blob/main/examples/binarytree.gr,984ab6e84078e342980f7ab2b085f7bd28a2dc82a8855767a05e716e4919d89b,/Users/mathieuacher/SANDBOX/PL-ultimate-llm/languages/Grain
2025-10-22T14:20:43Z,Picolisp,Conway's Game of Life in PicoLisp,https://rosettacode.org/wiki/Conway%27s_Game_of_Life#PicoLisp,4e20457235f8af11f4605ecd87d4ad909de05a2b2f4b1fd6d77ae9d5d0d770ae,/Users/mathieuacher/SANDBOX/PL-ultimate-llm/languages/Picolisp
2025-10-22T14:20:52Z,Cobra,Hello World with Documentation,https://cobra-language.com/docs/hello/,21da6efa882ebbeaee1d813f6939cfd9a00e7eb16012ce404ead40d752871c70,/Users/mathieuacher/SANDBOX/PL-ultimate-llm/languages/Cobra
2025-10-22T14:21:15Z,Nushell,Docker Container Status Monitor,https://www.nushell.sh/cookbook/docker.html,411251fe8474adc33bccbaa27c279866b0c5e0222fc6f66b20a58241843a75b6,/Users/mathieuacher/SANDBOX/PL-ultimate-llm/languages/Nushell
2025-10-22T14:21:57Z,Koka,Fibonacci with Effect Handlers,https://github.com/koka-lang/koka/blob/master/samples/basic/fibonacci.kk,4280b129f27ddfb18e05ae08da080fe652298b7dcbd4790b13b5b0898f1994ac,/Users/mathieuacher/SANDBOX/PL-ultimate-llm/languages/Koka
2025-10-22T14:34:39Z,Keli,Hello World in Keli,https://github.com/keli-language/keli/blob/master/example/hello.keli,30430dcb520114a2fe4ea3c23234cd033b68bff627a0f9e8e366ce12ff1f9aa4,/Users/mathieuacher/SANDBOX/PL-ultimate-llm/languages/Keli
2025-10-22T15:03:50Z,Oberon,Binary Search Tree Implementation,https://rosettacode.org/wiki/Binary_search_tree#Oberon-2,7a09dbd118755f5819b46ddac448a08512656cc85d9502bfe3308ce6ba7c7c0f,/Users/mathieuacher/SANDBOX/PL-ultimate-llm/languages/Oberon
2025-10-22T15:04:00Z,Modula-3,Hello World with Command Line Arguments,https://github.com/modula3/cm3/blob/master/www/hello/src/Hello.m3,1f7c9e976b544a5973fd460b8bc1630a41d3f1bfbe7b71bf19eb1188f1832d84,/Users/mathieuacher/SANDBOX/PL-ultimate-llm/languages/Modula-3
2025-10-22T15:04:08Z,Standard ML,Binary Search Tree Implementation in SML,https://github.com/kvalle/strangeloop-sml/blob/master/examples/bst.sml,5028b78a777fec074edbe9f9e9e3da6ac7b9f5ea9b6615f043cb9ebd2521848b,/Users/mathieuacher/SANDBOX/PL-ultimate-llm/languages/Standard ML
2025-10-22T15:04:16Z,SAS,Hello World,https://communities.sas.com/t5/SAS-Communities-Library/Getting-Started-with-the-SAS-Programming-Language/ta-p/224833,e19477bd8dc40d283e1f5939ed822428a16104e6a086878b1e5a4991a00c4548,/Users/mathieuacher/SANDBOX/PL-ultimate-llm/languages/SAS
2025-10-22T15:04:23Z,Chapel,Hello World,https://chapel-lang.org/docs/latest/primers/hello.html,5460aaa82a9b47baf2715610bd9bb10e56036c3281469f49322f8737e6b4ecca,/Users/mathieuacher/SANDBOX/PL-ultimate-llm/languages/Chapel
2025-10-22T15:05:04Z,ALGOL,Determinant of a Matrix in ALGOL 60,https://rosettacode.org/wiki/Determinant_and_permanent#ALGOL_60,a0c590f0a576eaf053c83b6b2f73299ef7520968de9849c9a940f85a25aa411d,/Users/mathieuacher/SANDBOX/PL-ultimate-llm/languages/ALGOL
2025-10-22T15:05:13Z,S-lang,S-lang interpreter,https://github.com/slang-lang/slang/blob/master/examples/hello.sl,f05fc691046b3357daf3f647215a62fe355ff5f4eded62313cede23be1f379f1,/Users/mathieuacher/SANDBOX/PL-ultimate-llm/languages/S-lang
2025-10-22T15:05:19Z,Dylan,Hello World,https://wiki.call-with-current-continuation.org/wiki/Dylan_Hello_World,1dc5620c7553a94ea02c63b97573551b764d3306974b79364ccaed3b9f1bb3e2,/Users/mathieuacher/SANDBOX/PL-ultimate-llm/languages/Dylan
2025-10-22T15:05:32Z,Tcsh,System Information Display Script,https://github.com/tcsh-org/tcsh/blob/master/tests/sh.dol.t,f57118a1d15bdcd437bd4d25ca1aaea22964470a3b2b9b8dd6bcdb48f666fbdb,/Users/mathieuacher/SANDBOX/PL-ultimate-llm/languages/Tcsh
2025-10-22T15:05:44Z,SNOBOL,Word Frequency Counter in SNOBOL4,https://github.com/ratboy666/snolib/blob/master/FREQ.SNO,e6d2e9b5f4b8f2bb1e3392d088b4fa157f93a4a327a3088c1b530af844f3e79c,/Users/mathieuacher/SANDBOX/PL-ultimate-llm/languages/SNOBOL
2025-10-22T15:05:57Z,Futhark,Matrix Multiplication,https://futhark-lang.org/examples.html,f910f3f8852428868576b721be0483024ed517defe6f4905419840e55e02eae4,/Users/mathieuacher/SANDBOX/PL-ultimate-llm/languages/Futhark
2025-10-22T15:06:51Z,J,Quicksort Implementation,https://code.jsoftware.com/wiki/Essays/Quicksort,066ec72dda0a15fd08488c990dee4eb1ce83841906b41afab51dd1fc7e5caea1,/Users/mathieuacher/SANDBOX/PL-ultimate-llm/languages/J
2025-10-22T15:10:11Z,LOLCODE,FizzBuzz in LOLCODE,https://github.com/justinmeza/lolcode-examples/blob/master/fizzbuzz.lol,73d777a0ed82ae04e6f8cb9944991160c7c95e76f07af4b89acbd6ebf8161741,/Users/mathieuacher/SANDBOX/PL-ultimate-llm/languages/LOLCODE
2025-10-22T15:10:17Z,P,P Example,https://github.com/microsoft/p/blob/master/Tutorials/Examples/Example1.p,52bc6080ade748bdd9a19e264bac6fd7dec5297c863123308061fa10c3b0805c,/Users/mathieuacher/SANDBOX/PL-ultimate-llm/languages/P
2025-10-22T15:11:04Z,Oz,Quicksort Implementation in Oz,https://rosettacode.org/wiki/Sorting_algorithms/Quicksort#Oz,5f9cade42393cb97c274a261d075e3147cec15553cbf29b6883a1416d186d71d,/Users/mathieuacher/SANDBOX/PL-ultimate-llm/languages/Oz
2025-10-22T15:11:19Z,Seed7,Binary Tree Implementation,https://seed7.sourceforge.net/examples/binary.htm,609531daff12b0bae4956a43dd4b8e85fd3af6070d81c30e41cb41a125e4a35f,/Users/mathieuacher/SANDBOX/PL-ultimate-llm/languages/Seed7
2025-10-22T15:12:35Z,Agda,Natural Number Addition Proof,https://github.com/agda/agda/blob/master/examples/Introduction/Nat.agda,35fb4e464f6e6c3a5fb8335279f63798cefdacf5c6cda7bae656f8bbfc5816fb,/Users/mathieuacher/SANDBOX/PL-ultimate-llm/languages/Agda
2025-10-22T15:14:33Z,COOL,Factorial Calculation in COOL,https://github.com/abhisheksaini63/COOL-compiler/blob/main/examples/factorial.cl,7375c608380e3701a055839ca8eb3b604a0a0ef765fad8a6282d928ddd1cfc42,/Users/mathieuacher/SANDBOX/PL-ultimate-llm/languages/COOL
2025-10-22T15:14:43Z,Vim script,Simple Vim plugin to toggle whitespace visibility,https://github.com/vim-scripts/whitespace.vim/blob/master/plugin/whitespace.vim,537bfe3bd96477072a9370e8f3e9cc6f083038c6a5c4ee3c56e8eb895d87f42e,/Users/mathieuacher/SANDBOX/PL-ultimate-llm/languages/Vim script
2025-10-22T15:15:16Z,Icon,Icon Programming Language Example,https://www.cs.arizona.edu/icon/docs/ipd266.htm,84af35b8d5037b95a6fbdaacd50eb73eb40e84d7fb17bb0f8522b12c77100930,/Users/mathieuacher/SANDBOX/PL-ultimate-llm/languages/Icon
2025-10-22T15:16:03Z,Piet,Piet Hello World Program,https://www.dangermouse.net/esoteric/piet/samples.html,f65927925451c84084629def6354ccb736a15448c977099262c5b47adb6e8cc5,/Users/mathieuacher/SANDBOX/PL-ultimate-llm/languages/Piet
2025-10-22T15:16:26Z,RPG IV,Simple RPG IV Program,https://www.ibm.com/docs/en/i/7.4?topic=examples-simple-rpg-program,3e02290a77741bd280d441a8a7ddedc4a6a66baa0c61e28ecc58ea86e86ce49d,/Users/mathieuacher/SANDBOX/PL-ultimate-llm/languages/RPG IV
2025-10-22T15:16:39Z,Gosu,Conway's Game of Life in Gosu,https://github.com/gosu-lang/gosu-example-conway/blob/master/src/main/gosu/life/Cell.gs,0a5e0e4298031f4962565d384ef66d7f2ee7fbd4f4858d67aa9b4a5db1935613,/Users/mathieuacher/SANDBOX/PL-ultimate-llm/languages/Gosu
2025-10-22T15:18:04Z,Falcon,Falcon Calculator,https://github.com/falconpl/falcon/blob/master/examples/calculator.fc,ed780360a01bed58747fb1d98d277ff7abaa2f16ea36f5d3a53b61a3a1bb33ee,/Users/mathieuacher/SANDBOX/PL-ultimate-llm/languages/Falcon
2025-10-22T15:20:31Z,Inform 7,Bronze - A Tutorial Game,https://github.com/i7/extensions/blob/master/Emily%20Short/Bronze.i7x,318a6d8d6dfaea9805a062c9290b0fa3d38004bbeaaab40569b5bafe95f9cdf6,/Users/mathieuacher/SANDBOX/PL-ultimate-llm/languages/Inform 7
2025-10-22T15:22:09Z,Arden,Hemoglobin A1C Alert MLM,https://github.com/HealthSamurai/mlm-spec/blob/master/examples/a1c_check.mlm,e3bd809fdd52e07b701bbad2ddfdcb1ab7eff03c48b8c11f22933a3abc5cf5a9,/Users/mathieuacher/SANDBOX/PL-ultimate-llm/languages/Arden
2025-10-22T15:23:12Z,Opal,Quicksort Implementation,https://rosettacode.org/wiki/Sorting_algorithms/Quicksort#Opal,574ae9017f7ae3ad3a2f9aa516ce46a68b88b6bfcf1c9e05a0db3da96a1df13c,/Users/mathieuacher/SANDBOX/PL-ultimate-llm/languages/Opal
2025-10-22T15:23:45Z,OpenSCAD,Customizable Gear Generator,https://github.com/chrisspen/gears/blob/master/gears.scad,eee82efa531e3771fafc388ae7f8be98261918117fe3a3c62408681bd3cf2d2b,/Users/mathieuacher/SANDBOX/PL-ultimate-llm/languages/OpenSCAD
2025-10-22T15:24:01Z,Idris2,99 Bottles of Beer,https://rosettacode.org/wiki/99_Bottles_of_Beer#Idris,84ff0ec776b58e891a18547f556e3a7fac9dd3aa6938b231a664573987d775b4,/Users/mathieuacher/SANDBOX/PL-ultimate-llm/languages/Idris2
2025-10-22T15:24:27Z,Befunge,Befunge Sieve of Eratosthenes,https://github.com/catseye/Befunge-93/blob/master/eg/sieve.bf,c992a74f89de1ce3f69dd61df3a15957c6c22df8743e85567ee6313c4d4bd03a,/Users/mathieuacher/SANDBOX/PL-ultimate-llm/languages/Befunge
2025-10-22T15:24:43Z,Ezhil,Fibonacci Sequence Generator,https://github.com/Ezhil-Language-Foundation/Ezhil-Lang/blob/master/tests/fibonacci.n,ca504a7f0e8d826c9d09797fdbdfd3c628a758377e0ab387c6ab15f9952f2ce9,/Users/mathieuacher/SANDBOX/PL-ultimate-llm/languages/Ezhil
2025-10-22T15:26:15Z,Shen,Pattern Matching Example in Shen,https://github.com/Shen-Language/shen-sources/blob/master/sources/pattern.shen,e3ac1d89d30665b80b3f04f659c74ccba778c25fea709115eea0be5d78fcbbde,/Users/mathieuacher/SANDBOX/PL-ultimate-llm/languages/Shen
2025-10-22T15:26:20Z,Turing Machine,Universal Turing Machine,https://en.wikibooks.org/wiki/Turing_Machines/Universal_Turing_Machine,01b84a56f8e72c9c5f04fffda8d8cf6429493f821991acdfa1523a7f2ad73f05,/Users/mathieuacher/SANDBOX/PL-ultimate-llm/languages/Turing Machine
2025-10-22T15:26:46Z,Rholang,Simple Counter Contract,https://github.com/rchain/rchain/blob/dev/casper/src/main/rholang/BasicWallet.rho,1e9beacec5e6ea846780a568c4b42b12d09c6e4384f479bb6e8dcfde656de7cc,/Users/mathieuacher/SANDBOX/PL-ultimate-llm/languages/Rholang
2025-10-22T15:29:21Z,Jsonnet,Kubernetes ConfigMap Generator,https://github.com/google/jsonnet/blob/master/examples/kubernetes.jsonnet,e1c1fd8aad85b10c0a3e44db9efb88c23f0a304aa02a13be815eba7343903209,/Users/mathieuacher/SANDBOX/PL-ultimate-llm/languages/Jsonnet
2025-10-22T15:31:46Z,Nit,Binary Search Tree Implementation,https://github.com/nitlang/nit/blob/master/examples/trees.nit,a71bc61d1e7edad31e0a320098fa77eec2f8e0c056f2f2d98fcff5eee7a5e86e,/Users/mathieuacher/SANDBOX/PL-ultimate-llm/languages/Nit
2025-10-22T15:32:43Z,Roc,HTTP Request Example,https://github.com/roc-lang/examples/blob/main/examples/HttpRequests.roc,61fc41c5fd6610fd89e0ffb181731bbddd53775df59cba3f8ffdb818dd49d9bb,/Users/mathieuacher/SANDBOX/PL-ultimate-llm/languages/Roc
